employee_id,first_name,last_name,email,phone_number,hire_date,job_id,salary,commission_pct,manager_id,department_id
103,Alexander,Hunold,AHUNOLD,590.423.4567,1990-01-03,IT_PROG,9000.00,NULL,102,60
112,"Jose Manuel",Urman,JMURMAN,515.999.4469,1998-03-07,FI_ACCOUNT,7800.00,NULL,108,100
115,Alexander,Khoo,AKHOO,515.127.4562,1995-05-18,PU_CLERK,3100.00,NULL,114,30
153,Christopher,Olsen,COLSEN,011.44.1344.498718,1998-03-30,SA_REP,8000.00,0.20,145,80
163,Danielle,Greene,DGREENE,011.44.1346.229268,1999-03-19,SA_REP,9500.00,0.15,147,80
169,Harrison,Bloom,HBLOOM,011.44.1343.829268,1998-03-23,SA_REP,10000.00,0.20,148,80
172,Elizabeth,Bates,EBATES,011.44.1343.529268,1999-03-24,SA_REP,7300.00,0.15,148,80
176,Jonathon,Taylor,JTAYLOR,011.44.1644.429265,1998-03-24,SA_REP,8600.00,0.20,149,80
178,Kimberely,Grant,KGRANT,011.44.1644.429263,1999-05-24,SA_REP,7000.00,0.15,149,NULL
189,Jennifer,Dilly,JDILLY,650.505.2876,1997-08-13,SH_CLERK,3600.00,NULL,122,50
200,Jennifer,Whalen,JWHALEN,515.123.4444,1987-09-17,AD_ASST,4400.00,NULL,101,10
