job_title,"SUBSTR(job_title,1, INSTR(job_title, ' ')-1)"
"Public Accountant",Public
"Accounting Manager",Accounting
"Administration Assistant",Administration
President,
"Administration Vice President",Administration
Accountant,
"Finance Manager",Finance
"Human Resources Representative",Human
Programmer,
"Marketing Manager",Marketing
"Marketing Representative",Marketing
"Public Relations Representative",Public
"Purchasing Clerk",Purchasing
"Purchasing Manager",Purchasing
"Sales Manager",Sales
"Sales Representative",Sales
"Shipping Clerk",Shipping
"Stock Clerk",Stock
"Stock Manager",Stock
