employee_id,first_name,last_name,hire_date
107,Diana,Lorentz,1999-02-07
112,"Jose Manuel",Urman,1998-03-07
113,Luis,Popp,1999-12-07
114,Den,Raphaely,1994-12-07
117,Sigal,Tobias,1997-07-24
120,Matthew,Weiss,1996-07-18
125,Julia,Nayer,1997-07-16
137,Renske,Ladwig,1995-07-14
144,Peter,Vargas,1998-07-09
187,Anthony,Cabrio,1999-02-07
190,Timothy,Gates,1998-07-11
194,Samuel,McCain,1998-07-01
203,Susan,Mavris,1994-06-07
204,Hermann,Baer,1994-06-07
205,Shelley,Higgins,1994-06-07
206,William,Gietz,1994-06-07
